-- سكريبت إدخال بيانات الاختبار لتطبيق توصيل الطعام

-- إدخال بيانات المستخدمين
-- ملاحظة: يجب إنشاء المستخدمين أولاً في نظام المصادقة الخاص بـ Supabase
-- ثم استخدام معرفات المستخدمين الناتجة في هذا السكريبت

-- العملاء
INSERT INTO users (id, name, phone, role, address, created_at)
VALUES 
    ('00000000-0000-0000-0000-000000000001', 'عميل تجريبي ١', '+963911111111', 'customer', 'المزة، شارع الجلاء، دمشق', now()),
    ('00000000-0000-0000-0000-000000000002', 'عميل تجريبي ٢', '+963922222222', 'customer', 'باب توما، ساحة باب توما، دمشق', now()),
    ('00000000-0000-0000-0000-000000000003', 'عميل تجريبي ٣', '+963933333333', 'customer', 'كفرسوسة، بالقرب من دوار كفرسوسة، دمشق', now());

-- أصحاب المطاعم
INSERT INTO users (id, name, phone, role, created_at)
VALUES 
    ('00000000-0000-0000-0000-000000000004', 'صاحب مطعم ١', '+963944444444', 'restaurant', now()),
    ('00000000-0000-0000-0000-000000000005', 'صاحب مطعم ٢', '+963955555555', 'restaurant', now()),
    ('00000000-0000-0000-0000-000000000006', 'صاحب مطعم ٣', '+963966666666', 'restaurant', now());

-- عمال التوصيل
INSERT INTO users (id, name, phone, role, created_at)
VALUES 
    ('00000000-0000-0000-0000-000000000007', 'عامل توصيل ١', '+963977777777', 'delivery', now()),
    ('00000000-0000-0000-0000-000000000008', 'عامل توصيل ٢', '+963988888888', 'delivery', now()),
    ('00000000-0000-0000-0000-000000000009', 'عامل توصيل ٣', '+963999999999', 'delivery', now());

-- المدير
INSERT INTO users (id, name, phone, role, created_at)
VALUES 
    ('00000000-0000-0000-0000-000000000010', 'مدير النظام', '+963900000000', 'admin', now());

-- إدخال بيانات المطاعم
INSERT INTO restaurants (id, owner_id, name, description, phone, location_address, latitude, longitude, logo_url, created_at)
VALUES 
    ('00000000-0000-0000-0000-000000000011', '00000000-0000-0000-0000-000000000004', 'مطعم الشام الأصيل', 'مأكولات شرقية وغربية', '011-1111111', 'الشعلان، جانب سينما الشام، دمشق', 33.517, 36.293, 'https://placehold.co/100x100/E8117F/white?text=Rest1', now()),
    ('00000000-0000-0000-0000-000000000012', '00000000-0000-0000-0000-000000000005', 'بيتزا إيطاليانو', 'أفضل بيتزا في المدينة', '011-2222222', 'أبو رمانة، مقابل حديقة الجاحظ، دمشق', 33.519, 36.284, 'https://placehold.co/100x100/11E87F/white?text=Rest2', now()),
    ('00000000-0000-0000-0000-000000000013', '00000000-0000-0000-0000-000000000006', 'برغر هاوس', 'سندويشات برغر مميزة', '011-3333333', 'المزة فيلات غربية، بالقرب من مشفى الرازي، دمشق', 33.505, 36.262, 'https://placehold.co/100x100/7F11E8/white?text=Rest3', now());

-- إدخال بيانات عناصر القائمة
-- مطعم الشام الأصيل
INSERT INTO menu_items (id, restaurant_id, name, description, price, image_url, available)
VALUES 
    ('00000000-0000-0000-0000-000000000014', '00000000-0000-0000-0000-000000000011', 'شاورما دجاج', 'شاورما دجاج بالخبز الصاج', 5000, 'https://placehold.co/300x200/E8117F/white?text=Shawarma', true),
    ('00000000-0000-0000-0000-000000000015', '00000000-0000-0000-0000-000000000011', 'صحن فلافل', 'صحن فلافل مقرمش', 3000, 'https://placehold.co/300x200/E8117F/white?text=Falafel', false),
    ('00000000-0000-0000-0000-000000000016', '00000000-0000-0000-0000-000000000011', 'حمص', 'حمص بالزيت', 2000, 'https://placehold.co/300x200/E8117F/white?text=Hummus', true),
    ('00000000-0000-0000-0000-000000000017', '00000000-0000-0000-0000-000000000011', 'تبولة', 'تبولة شامية', 2500, 'https://placehold.co/300x200/E8117F/white?text=Tabbouleh', true),
    ('00000000-0000-0000-0000-000000000018', '00000000-0000-0000-0000-000000000011', 'مشاوي مشكلة', 'مشاوي مشكلة', 15000, 'https://placehold.co/300x200/E8117F/white?text=MixedGrill', true);

-- بيتزا إيطاليانو
INSERT INTO menu_items (id, restaurant_id, name, description, price, image_url, available)
VALUES 
    ('00000000-0000-0000-0000-000000000019', '00000000-0000-0000-0000-000000000012', 'بيتزا مارغريتا', 'بيتزا مارغريتا كلاسيكية', 8000, 'https://placehold.co/300x200/11E87F/white?text=Margherita', true),
    ('00000000-0000-0000-0000-000000000020', '00000000-0000-0000-0000-000000000012', 'بيتزا بيبروني', 'بيتزا بيبروني حارة', 10000, 'https://placehold.co/300x200/11E87F/white?text=Pepperoni', true),
    ('00000000-0000-0000-0000-000000000021', '00000000-0000-0000-0000-000000000012', 'بيتزا خضار', 'بيتزا بالخضار الطازجة', 9000, 'https://placehold.co/300x200/11E87F/white?text=Vegetable', true),
    ('00000000-0000-0000-0000-000000000022', '00000000-0000-0000-0000-000000000012', 'سلطة سيزر', 'سلطة سيزر مع الدجاج', 6000, 'https://placehold.co/300x200/11E87F/white?text=Caesar', true),
    ('00000000-0000-0000-0000-000000000023', '00000000-0000-0000-0000-000000000012', 'خبز بالثوم', 'خبز بالثوم والجبنة', 3000, 'https://placehold.co/300x200/11E87F/white?text=GarlicBread', true);

-- برغر هاوس
INSERT INTO menu_items (id, restaurant_id, name, description, price, image_url, available)
VALUES 
    ('00000000-0000-0000-0000-000000000024', '00000000-0000-0000-0000-000000000013', 'برغر كلاسيك', 'برغر كلاسيكي مع الخضار', 7000, 'https://placehold.co/300x200/7F11E8/white?text=ClassicBurger', true),
    ('00000000-0000-0000-0000-000000000025', '00000000-0000-0000-0000-000000000013', 'تشيز برغر', 'برغر مع جبنة شيدر', 8000, 'https://placehold.co/300x200/7F11E8/white?text=CheeseBurger', true),
    ('00000000-0000-0000-0000-000000000026', '00000000-0000-0000-0000-000000000013', 'تشيكن برغر', 'برغر دجاج مشوي', 7500, 'https://placehold.co/300x200/7F11E8/white?text=ChickenBurger', true),
    ('00000000-0000-0000-0000-000000000027', '00000000-0000-0000-0000-000000000013', 'بطاطا مقلية', 'بطاطا مقلية مقرمشة', 2500, 'https://placehold.co/300x200/7F11E8/white?text=Fries', true),
    ('00000000-0000-0000-0000-000000000028', '00000000-0000-0000-0000-000000000013', 'حلقات البصل', 'حلقات البصل المقلية', 3000, 'https://placehold.co/300x200/7F11E8/white?text=OnionRings', true);

-- إدخال بيانات عمال التوصيل
INSERT INTO delivery_persons (user_id, is_available, current_lat, current_lng)
VALUES 
    ('00000000-0000-0000-0000-000000000007', true, 33.510, 36.290),
    ('00000000-0000-0000-0000-000000000008', true, 33.515, 36.285),
    ('00000000-0000-0000-0000-000000000009', false, NULL, NULL);

-- إدخال بيانات الطلبات
INSERT INTO orders (id, customer_id, restaurant_id, delivery_address, delivery_lat, delivery_lng, status, total_price, payment_method, payment_status, created_at)
VALUES 
    ('00000000-0000-0000-0000-000000000029', '00000000-0000-0000-0000-000000000001', '00000000-0000-0000-0000-000000000011', 'المزة، شارع الجلاء، دمشق', 33.508, 36.276, 'pending', 5000, 'cod', 'pending', now() - interval '3 hours'),
    ('00000000-0000-0000-0000-000000000030', '00000000-0000-0000-0000-000000000002', '00000000-0000-0000-0000-000000000012', 'باب توما، ساحة باب توما، دمشق', 33.514, 36.312, 'accepted', 11000, 'cod', 'pending', now() - interval '5 hours'),
    ('00000000-0000-0000-0000-000000000031', '00000000-0000-0000-0000-000000000001', '00000000-0000-0000-0000-000000000012', 'المزة، شارع الجلاء، دمشق', 33.508, 36.276, 'preparing', 20000, 'cod', 'pending', now() - interval '2 hours'),
    ('00000000-0000-0000-0000-000000000032', '00000000-0000-0000-0000-000000000003', '00000000-0000-0000-0000-000000000011', 'كفرسوسة، بالقرب من دوار كفرسوسة، دمشق', 33.487, 36.266, 'on_delivery', 17000, 'cod', 'pending', now() - interval '1 hour'),
    ('00000000-0000-0000-0000-000000000033', '00000000-0000-0000-0000-000000000002', '00000000-0000-0000-0000-000000000013', 'باب توما، ساحة باب توما، دمشق', 33.514, 36.312, 'delivered', 10500, 'cod', 'paid', now() - interval '1 day'),
    ('00000000-0000-0000-0000-000000000034', '00000000-0000-0000-0000-000000000001', '00000000-0000-0000-0000-000000000013', 'المزة، شارع الجلاء، دمشق', 33.508, 36.276, 'cancelled', 7000, 'cod', 'pending', now() - interval '2 days');

-- إدخال بيانات عناصر الطلب
INSERT INTO order_items (id, order_id, menu_item_id, quantity, price_at_order)
VALUES 
    ('00000000-0000-0000-0000-000000000035', '00000000-0000-0000-0000-000000000029', '00000000-0000-0000-0000-000000000014', 1, 5000),
    ('00000000-0000-0000-0000-000000000036', '00000000-0000-0000-0000-000000000030', '00000000-0000-0000-0000-000000000019', 1, 8000),
    ('00000000-0000-0000-0000-000000000037', '00000000-0000-0000-0000-000000000030', '00000000-0000-0000-0000-000000000023', 1, 3000),
    ('00000000-0000-0000-0000-000000000038', '00000000-0000-0000-0000-000000000031', '00000000-0000-0000-0000-000000000020', 2, 10000),
    ('00000000-0000-0000-0000-000000000039', '00000000-0000-0000-0000-000000000032', '00000000-0000-0000-0000-000000000018', 1, 15000),
    ('00000000-0000-0000-0000-000000000040', '00000000-0000-0000-0000-000000000032', '00000000-0000-0000-0000-000000000016', 1, 2000),
    ('00000000-0000-0000-0000-000000000041', '00000000-0000-0000-0000-000000000033', '00000000-0000-0000-0000-000000000025', 1, 8000),
    ('00000000-0000-0000-0000-000000000042', '00000000-0000-0000-0000-000000000033', '00000000-0000-0000-0000-000000000027', 1, 2500),
    ('00000000-0000-0000-0000-000000000043', '00000000-0000-0000-0000-000000000034', '00000000-0000-0000-0000-000000000024', 1, 7000);

-- إدخال بيانات عمليات التوصيل
INSERT INTO deliveries (id, order_id, delivery_person_id, status, picked_up_at, delivered_at)
VALUES 
    ('00000000-0000-0000-0000-000000000044', '00000000-0000-0000-0000-000000000032', '00000000-0000-0000-0000-000000000007', 'assigned', NULL, NULL),
    ('00000000-0000-0000-0000-000000000045', '00000000-0000-0000-0000-000000000033', '00000000-0000-0000-0000-000000000008', 'delivered', now() - interval '1 day 1 hour', now() - interval '1 day');
